<?xml version="1.0" encoding="UTF-8" ?>
  <!DOCTYPE mapper PUBLIC "-//mybatis.org//DTD Mapper 3.0//EN" "http://mybatis.org/dtd/mybatis-3-mapper.dtd">
<mapper namespace="com.wbb.app.dao.ProductMapper">
<select id="getProduct1" parameterType="String" resultMap="getProductMap">
		select * from product p join category c on  p.ca_id=c.ca_id join shop s on p.s_id=s.s_id where p_id=#{id}
	</select>
	<select id="getProduct" parameterType="String" resultMap="getProductMap">
		select * from product p join category c on  p.ca_id=c.ca_id join shop s on p.s_id=s.s_id where p_id=#{id}
	</select>
	<select id="getShopProduct" parameterType="String" resultMap="getProductMap">
		select * from product  where s_id=#{s_id}
	</select>
	<resultMap type="com.wbb.app.model.Product" id="getProductMap">
		<id column="p_id" property="id" />
		<result column="p_name" property="name" />
		<result column="p_describe" property="describe" />
		<result column="p_price" property="price" />
		<result column="p_image" property="image" />
		<result column="p_stock" property="stock" />
		<result column="p_brand" property="brand" />	
		<association property="category" javaType="com.wbb.app.model.Category">
			<id column="ca_id" property="id"/>
			<result column="ca_name" property="name"/>
		</association>
		<association property="shop" javaType="com.wbb.app.model.Shop">
			<id column="s_id" property="id"/>
			<result column="s_name" property="name"/>
		</association>
	</resultMap>
	
	<select id="getTotalBookNumber" resultType="int">
		select count(p_id) from product
	</select>
	
	<select id="getPageList"  resultMap="getProductMap" >
		select * from product p join category c on  p.ca_id=c.ca_id join shop s on p.s_id=s.s_id LIMIT #{pageNo}, #{pageSize}
	</select>

	
</mapper>