<?xml version="1.0" encoding="UTF-8" ?>
  <!DOCTYPE mapper PUBLIC "-//mybatis.org//DTD Mapper 3.0//EN" "http://mybatis.org/dtd/mybatis-3-mapper.dtd">
<mapper namespace="com.wbb.app.dao.ShopMapper">

<insert id="addProduct">
	insert into product(p_id ,p_name ,p_describe,p_price ,p_image ,p_stock,p_brand ,ca_id ,s_id)
	 values(#{p.id},#{p.name},#{p.describe},#{p.price},#{p.image},#{p.stock},#{p.brand},#{ca_id},#{s_id})
	</insert>
	<update id="updateProduct" parameterType="com.wbb.app.model.Product">
	update product set p_name=#{name},p_price=#{price},p_image=#{image},p_stock=#{stock},p_brand=#{brand}
	 where p_id=#{id}
	</update>
	<delete id="deleteProduct" parameterType="String">
		delete from product where p_id=#{p_id}
	</delete>
	<update id="delivery">
	update buydetails set bd_delivery=#{delivery} where bd_id=#{id}
	</update>
	<update id="delivery1">
	update product set p_stock=#{stock} where p_id=#{p_id}
	</update>
</mapper>