<?xml version="1.0" encoding="UTF-8" ?>
  <!DOCTYPE mapper PUBLIC "-//mybatis.org//DTD Mapper 3.0//EN" "http://mybatis.org/dtd/mybatis-3-mapper.dtd">
<mapper namespace="com.wbb.app.dao.UserMapper">
<select id="getUser" parameterType="String" resultMap="getMap">
		select * from user u left join shop s on u.s_id=s.s_id 
	</select>
	<select id="getUserByID" parameterType="String" resultMap="getMap">
		select * from user u left join shop s on u.s_id=s.s_id where u_id=#{id}
	</select>
	<resultMap type="com.wbb.app.model.User" id="getMap">
		<id column="u_id" property="id" />
		<result column="u_name" property="name" />
		<result column="u_name" property="name" />
		<result column="u_password" property="password" />
		<result column="u_phone" property="phone" />
		<result column="u_email" property="email" />
		<result column="u_address" property="address" />
		<result column="u_age" property="age" />
		<result column="u_sex" property="sex" />
		<result column="u_money" property="money" />
		<result column="u_idcart" property="idcart" />
		<result column="u_position" property="position" />
		<association property="shop" javaType="com.wbb.app.model.Shop">
			<id column="s_id" property="id" />
			<result column="s_name" property="name"/>
		</association>
		
	</resultMap>
	<insert id="register" parameterType="com.wbb.app.model.User" >
		insert into user(u_id,u_name,u_password,u_phone,u_email,u_address,u_age,u_sex,u_money,u_idcart,u_position) 
		values(#{id},#{name},#{password},#{phone},#{email},#{address},#{age},#{sex},#{money},#{idcart},#{position})
	</insert>
	<insert id="addReceiptAddress" parameterType="com.wbb.app.model.ReceiptAddress">
	 	insert into receiptAddress(ra_name,ra_phone,ra_address,u_id) values(#{name},#{phone},#{address},#{u_id})
	</insert>
	<select id="getReceiptAddress" parameterType="String" resultMap="getMap2">
		select * from receiptaddress where u_id=#{u_id}
	</select>
	<resultMap type="com.wbb.app.model.ReceiptAddress" id="getMap2">
		<id column="ra_name"  property="name"/>
		<result column="ra_address" property="address"/>
		<result column="ra_phone" property="phone"/>
		<result column="u_id" property="u_id"/>
	</resultMap>
	
	<insert id="addBuyDetails" parameterType="com.wbb.app.model.BuyDetails">
	insert into buydetails(bd_request,bd_state,bd_confirm,bd_delivery,bd_comment,bd_date,bd_quantity,bd_cost,bd_name,bd_phone,bd_address,u_id,p_id)
 values(#{request},#{state},#{confirm},#{delivery},#{comment},#{date},#{quantity},#{cost},#{name},#{phone},#{address},#{u_id},#{p_id})
	</insert>
	<update id="payment">
	 update user set u_money=#{money} where u_id=#{id}
	</update>
	<update id="payment1">
	update buydetails set bd_state=#{state} where u_id=#{id}
	</update>
	<update id="confirm">
	update buydetails set bd_confirm=#{confirm} where bd_id=#{id}
	</update>
	<insert id="comment">
	insert into comment(e_comment,e_starRating,bd_id) values(#{comment},#{star},#{bd_id})
	</insert>
	<insert id="comment1">
	update buydetails set bd_comment=#{comment} where bd_id=#{bd_id}
	</insert>
	<insert id="deleteAddress">
	delete from receiptaddress where ra_id=#{ra_id}
	</insert>
	<update id="modifyUser" parameterType="com.wbb.app.model.User">
		update user set u_name=#{name},u_phone=#{phone},u_email=#{email},u_address=#{address},u_age=#{age},u_sex=#{sex},u_idcart=#{idcart} where u_id=#{id};
	</update>
	<update id="changePassword">
		update user set u_password=#{password} where u_id=#{u_id}
	</update>
	<select id="getSecretSecurity" resultType="String">
		select u_id from secretsecurity where u_id=#{u_id}
	</select>
	<select id="getSecretSecurity1" resultType="com.wbb.app.model.Secretsecurity">
		select * from secretsecurity where u_id=#{u_id}
	</select>
	<insert id="setSecretSecurity" parameterType="com.wbb.app.model.Secretsecurity" >
		insert into secretsecurity values(#{u_id},#{question1},#{question2},#{question3},#{answer1},#{answer2},#{answer3})
	</insert>
	<insert id="setSecretSecurity1" parameterType="com.wbb.app.model.Secretsecurity">
		update secretsecurity set question1=#{question1},question2=#{question2},question3=#{question3},answer1=#{answer1},answer2=#{answer2},answer3=#{answer3} where u_id=#{u_id}
	</insert>
</mapper>
 