<?xml version="1.0" encoding="UTF-8"?>
<project-private xmlns="http://www.netbeans.org/ns/project-private/1">
    <editor-bookmarks xmlns="http://www.netbeans.org/ns/editor-bookmarks/2" lastBookmarkId="0"/>
    <open-files xmlns="http://www.netbeans.org/ns/projectui-open-files/2">
        <group>
            <file>file:/C:/Users/niit/Desktop/ShoppingOnline/src/java/JDBC/ConnectJDBC.java</file>
            <file>file:/C:/Users/niit/Desktop/ShoppingOnline/web/js/StoreInfoImage.js</file>
            <file>file:/C:/Users/niit/Desktop/ShoppingOnline/web/StoreInfo.jsp</file>
            <file>file:/C:/Users/niit/Desktop/ShoppingOnline/src/java/Servlet/StoreInfo.java</file>
        </group>
    </open-files>
</project-private>
